<?xml version="1.0"?>
<ui>
    <font id="button_font" file="RobotoCondensed-Regular.ttf" size="22"/>
    <color id="button_color" r="0" g="0" b="0" a="255"/>

    <sprite image="logo.png" normalized_y="true" y="0.08" horizontal_align="center" width="330" height="127"/>

    <stack_panel id="buttons_panel" orientation="vertical" offset="20" horizontal_align="center" vertical_align="center">
        <button id="play" file="button.png" width="160" height="40">
            <label font_id="button_font" color_id="button_color" text="P L A Y"/>
        </button>
        <button id="settings" file="button.png" width="160" height="40">
            <label font_id="button_font" color_id="button_color" text="S E T T I N G S"/>
        </button>
        <button id="exit" file="button.png" width="160" height="40">
            <label font_id="button_font" color_id="button_color" text="E X I T"/>
        </button>
    </stack_panel>
</ui>