{
  "version": 3,
  "configurePresets": [
    {
      "name": "WIN32",
      "hidden": true,
      "cacheVariables": {
        "SDL2_DIR": "../Libs/SDL2-2.0.22"
      }
    },
    {
      "name": "VS_2019_x86",
      "inherits": "WIN32",
      "binaryDir": "${sourceDir}/Build/VS_2019/x86",
      "generator": "Visual Studio 16 2019",
      "architecture": "Win32"
    },
    {
      "name": "VS_2019_x64",
      "inherits": "WIN32",
      "binaryDir": "${sourceDir}/Build/VS_2019/x64",
      "generator": "Visual Studio 16 2019",
      "architecture": "x64"
    },
    {
      "name": "VS_2022_x86",
      "inherits": "WIN32",
      "binaryDir": "${sourceDir}/Build/VS_2022/x86",
      "generator": "Visual Studio 17 2022",
      "architecture": "Win32"
    },
    {
      "name": "VS_2022_x64",
      "inherits": "WIN32",
      "binaryDir": "${sourceDir}/Build/VS_2022/x64",
      "generator": "Visual Studio 17 2022",
      "architecture": "x64"
    },
    {
      "name": "Unix_make",
      "binaryDir": "${sourceDir}/Build/Unix_make",
      "generator": "Unix Makefiles"
    }
  ]
}