<?xml version="1.0"?>
<ui>
    <font id="button_font" file="RobotoCondensed-Regular.ttf" size="22"/>
    <color id="button_color" r="250" g="250" b="250" a="255"/>

    <stack_panel id="buttons_panel" orientation="horizontal" offset="40" horizontal_align="center" normalized_y="true" y="0.75">
        <button id="play_again" file="button.png" width="200" height="50">
            <label font_id="button_font" color_id="button_color" text="P L A Y  A G A I N"/>
        </button>
        <button id="exit" file="button.png" width="200" height="50">
            <label font_id="button_font" color_id="button_color" text="E X I T"/>
        </button>
    </stack_panel>
</ui>