<?xml version="1.0"?>
<ui>
    <color id="title_color" r="80" g="80" b="200" a="255"/>

    <font id="button_font" file="RobotoCondensed-Regular.ttf" size="22"/>
    <color id="button_color" r="250" g="250" b="250" a="255"/>

    <sprite image="logo.png" normalized_y="true" y="0.1" horizontal_align="center" width="326" height="91"/>

    <stack_panel id="main_panel" orientation="vertical" offset="30" horizontal_align="center" vertical_align="center">
        <stack_panel id="settings_panel" orientation="vertical" offset="30" layer="1">
            <stack_panel id="resolution_panel" orientation="horizontal" offset="20" layer="1">
                <label font_id="button_font" color_id="title_color" text="R E S O L U T I O N"/>
                <drop_down_list id="resolution_list" color_id="title_color" y="-2" width="180" height="30"/>
            </stack_panel>
            <stack_panel id="fullscreen_panel" orientation="horizontal" offset="20" horizontal_align="center">
                <label font_id="button_font" color_id="title_color" text="F U L L S C R E E N"/>
                <checkbox id="fullscreen_checkbox" color_id="title_color" y="-2" width="30" height="30"/>
            </stack_panel>
        </stack_panel>
        <stack_panel id="buttons_panel" orientation="horizontal" offset="20" horizontal_align="center">
            <button id="back" file="button.png" width="150" height="50">
                <label font_id="button_font" color_id="button_color" text="B A C K"/>
            </button>
            <button id="apply" file="button.png" width="150" height="50">
                <label font_id="button_font" color_id="button_color" text="A P P L Y"/>
            </button>
        </stack_panel>
    </stack_panel>
</ui>