<?xml version="1.0"?>
<ui>
    <font id="completed_font" file="RobotoCondensed-Regular.ttf" size="50"/>
    <color id="completed_color" r="250" g="250" b="250" a="200"/>
    <color id="game_over_color" r="250" g="100" b="100" a="200"/>

    <font id="button_font" file="RobotoCondensed-Regular.ttf" size="20"/>
    <color id="button_color" r="0" g="0" b="0" a="255"/>

    <font id="score_font" file="RobotoCondensed-Bold.ttf" size="24"/>
    <color id="score_color" r="250" g="250" b="250" a="200"/>
    <color id="score_color_2" r="150" g="250" b="250" a="150"/>
    <font id="best_score_font" file="RobotoCondensed-Regular.ttf" size="20"/>

    <label id="completed_label" font_id="completed_font" color_id="completed_color" text="C O M P L E T E D" normalized_y="true" y="0.25" horizontal_align="center"/>
    <label id="game_over_label" font_id="completed_font" color_id="game_over_color" text="G A M E  O V E R" normalized_y="true" y="0.25" horizontal_align="center"/>

    <stack_panel id="score_panel" orientation="horizontal" offset="10" x="20" y="15">
        <label font_id="score_font" color_id="score_color" text="S C O R E :" />
        <label id="score" font_id="score_font" color_id="score_color" text="0"/>
    </stack_panel>

    <stack_panel id="best_score_panel" orientation="horizontal" offset="10" x="20" y="45">
        <label font_id="best_score_font" color_id="score_color_2" text="B E S T  S C O R E :"/>
        <label id="best_score" font_id="best_score_font" color_id="score_color_2" text="0"/>
    </stack_panel>

    <stack_panel id="attempts_panel" orientation="horizontal" offset="10" x="20" y="80">
        <label font_id="best_score_font" color_id="score_color" text="A T T E M P T S  L E F T :"/>
        <label id="attempts" font_id="best_score_font" color_id="score_color" text="0"/>
    </stack_panel>

    <stack_panel id="level_panel" orientation="horizontal" offset="10" x="20" y="105">
        <label font_id="best_score_font" color_id="score_color_2" text="L E V E L :"/>
        <label id="level" font_id="best_score_font" color_id="score_color_2" text="0"/>
    </stack_panel>

    <button id="menu" file="button.png" x="-20" y="20" width="110" height="40" horizontal_align="right">
        <label font_id="button_font" color_id="button_color" text="M E N U"/>
    </button>
    
    <!--<stack_panel id="buttons_panel" orientation="vertical" offset="20" horizontal_align="center" vertical_align="center">
        <button id="play" file="button.png" width="170" height="50">
            <label font_id="button_font" color_id="button_color" text="P L A Y"/>
        </button>
        <button id="settings" file="button.png" width="170" height="50">
            <label font_id="button_font" color_id="button_color" text="S E T T I N G S"/>
        </button>
        <button id="exit" file="button.png" width="170" height="50">
            <label font_id="button_font" color_id="button_color" text="E X I T"/>
        </button>
    </stack_panel>-->
</ui>