{
  "version": 3,
  "configurePresets": [
    {
      "name": "WIN32",
      "hidden": true,
      "cacheVariables": {
        "SDL2_DIR": "../Libs/SDL2-2.0.22",
        "SDL2_TTF_INCLUDE_DIR": "../Libs/SDL2_ttf-2.0.18/include",
        "SDL2_TTF_DIR": "../Libs/SDL2_ttf-2.0.18"
      }
    },
    {
      "name": "VS_2019_x86",
      "inherits": "WIN32",
      "binaryDir": "${sourceDir}/Build/VS_2019/x86",
      "generator": "Visual Studio 16 2019",
      "architecture": "Win32",
      "cacheVariables": {
        "SDL2_TTF_LIBRARY": "../Libs/SDL2_ttf-2.0.18/lib/x86/SDL2_ttf.lib"
      }
    },
    {
      "name": "VS_2019_x64",
      "inherits": "WIN32",
      "binaryDir": "${sourceDir}/Build/VS_2019/x64",
      "generator": "Visual Studio 16 2019",
      "architecture": "x64",
      "cacheVariables": {
        "SDL2_TTF_LIBRARY": "../Libs/SDL2_ttf-2.0.18/lib/x64/SDL2_ttf.lib"
      }
    },
    {
      "name": "VS_2022_x86",
      "inherits": "WIN32",
      "binaryDir": "${sourceDir}/Build/VS_2022/x86",
      "generator": "Visual Studio 17 2022",
      "architecture": "Win32",
      "cacheVariables": {
        "SDL2_TTF_LIBRARY": "../Libs/SDL2_ttf-2.0.18/lib/x86/SDL2_ttf.lib"
      }
    },
    {
      "name": "VS_2022_x64",
      "inherits": "WIN32",
      "binaryDir": "${sourceDir}/Build/VS_2022/x64",
      "generator": "Visual Studio 17 2022",
      "architecture": "x64",
      "cacheVariables": {
        "SDL2_TTF_LIBRARY": "../Libs/SDL2_ttf-2.0.18/lib/x64/SDL2_ttf.lib"
      }
    },
    {
      "name": "Unix_make",
      "binaryDir": "${sourceDir}/Build/Unix_make",
      "generator": "Unix Makefiles"
    }
  ]
}